age,experience,salary,training_hours,attendance,performance_score,performance
50,29,29956,42,59,46.6,Medium
36,28,96373,32,83,56.3,Medium
29,28,89252,25,74,50.4,Medium
42,29,81949,58,84,62.3,Medium
40,15,82646,22,65,41.4,Medium
44,18,90017,40,51,38.9,Low
32,17,83037,49,73,51.4,Medium
32,0,109818,77,59,44.9,Medium
45,13,26548,57,87,58.8,Medium
57,1,93294,34,71,42.6,Medium
45,27,43177,64,75,58.4,Medium
24,29,44022,36,92,61.9,Medium
43,3,25542,71,88,59.1,Medium
23,0,111012,71,76,52.2,Medium
45,7,116320,32,78,47.5,Medium
51,28,80428,48,96,66.0,Medium
59,2,42740,83,87,60.7,Medium
23,31,79353,45,69,52.8,Medium
42,9,110353,67,76,54.1,Medium
54,9,76532,27,90,53.1,Medium
33,18,36052,79,69,55.7,Medium
43,33,67076,52,93,66.8,Medium
46,32,73420,36,68,50.8,Medium
48,22,20671,61,69,53.3,Medium
49,27,20163,37,84,57.5,Medium
37,31,61424,28,96,62.9,Medium
36,6,73744,43,51,35.9,Low
24,28,90331,38,79,55.5,Medium
58,7,30634,60,83,55.6,Medium
28,0,24798,32,71,41.9,Medium
42,2,42420,41,52,34.8,Low
30,23,49300,11,55,36.6,Low
39,22,109881,72,64,53.0,Medium
25,7,30749,41,76,48.3,Medium
46,2,45121,60,59,42.1,Medium
35,32,57487,69,58,52.4,Medium
30,27,113947,69,82,62.9,Medium
47,7,53361,51,81,52.8,Medium
23,33,41223,24,97,63.2,Medium
41,34,92930,23,55,42.3,Medium
49,31,34056,33,90,60.9,Medium
28,23,48380,78,85,65.0,Medium
29,13,46035,64,51,42.2,Medium
56,31,50620,22,78,52.7,Medium
35,15,39877,96,53,50.2,Medium
38,3,75316,39,50,33.7,Low
57,20,84041,47,68,49.4,Medium
25,13,73352,99,75,61.2,Medium
23,30,50911,95,74,65.0,Medium
27,17,52784,15,59,37.6,Low
25,6,23191,53,64,44.400000000000006,Medium
50,9,53160,42,71,46.6,Medium
39,6,110536,68,97,63.900000000000006,Medium
47,32,84641,73,70,59.2,Medium
55,22,69723,12,71,44.5,Medium
31,20,23631,38,85,56.1,Medium
57,18,26172,52,83,57.3,Medium
35,18,62080,60,79,56.9,Medium
52,28,109097,80,74,61.4,Medium
36,17,110353,69,94,65.9,Medium
29,1,40281,35,77,45.8,Medium
35,0,48671,8,50,26.6,Low
44,4,71431,54,98,61.0,Medium
42,19,110900,73,94,67.3,Medium
37,10,112961,34,53,36.3,Low
39,1,48602,92,56,46.7,Medium
45,2,108789,63,98,62.2,Medium
47,22,71399,71,58,49.8,Medium
46,11,43472,79,85,61.6,Medium
50,19,69230,49,68,49.5,Medium
36,4,93616,8,50,27.8,Low
22,29,27099,30,59,44.2,Medium
46,8,45431,31,85,51.1,Medium
28,33,76492,50,58,48.9,Medium
30,34,116722,68,94,70.8,High
45,21,67684,95,95,72.8,High
22,23,50111,55,91,63.4,Medium
29,16,83936,54,81,56.1,Medium
45,9,42614,10,81,45.2,Medium
32,29,112260,63,55,48.8,Medium
38,22,61991,19,97,58.9,Medium
29,31,90476,34,87,59.6,Medium
56,16,80920,46,66,47.0,Medium
56,16,114294,41,59,42.5,Medium
54,13,83530,46,99,62.6,Medium
26,8,56224,39,76,48.2,Medium
49,1,27788,91,99,68.0,Medium
28,24,48082,10,84,51.2,Medium
30,8,109570,72,70,51.8,Medium
29,21,96816,22,74,47.7,Medium
33,3,103588,77,77,54.8,Medium
55,25,36531,33,96,62.1,Medium
54,28,108340,81,64,56.6,Medium
44,33,114439,63,53,49.0,Medium
45,22,64857,51,78,55.8,Medium
58,10,30142,21,58,36.2,Low
56,5,68355,26,76,44.7,Medium
43,17,29866,72,75,57.0,Medium
48,20,90067,73,68,54.6,Medium
56,33,84027,41,77,56.6,Medium
22,16,77906,53,66,48.400000000000006,Medium
56,24,48138,17,92,56.6,Medium
58,11,112601,38,90,55.9,Medium
35,22,49956,90,91,70.1,High
24,21,96295,57,99,67.2,Medium
22,20,25439,91,69,58.7,Medium
26,26,67241,55,94,65.8,Medium
47,30,62533,7,89,54.9,Medium
35,5,48270,46,88,54.7,Medium
48,26,98815,36,98,64.0,Medium
30,33,59279,55,72,56.9,Medium
36,11,43888,89,96,69.1,Medium
36,6,37630,50,81,52.3,Medium
47,9,81063,25,96,55.7,Medium
34,16,55144,48,82,55.400000000000006,Medium
53,25,72161,15,95,58.0,Medium
53,20,116718,72,54,47.4,Medium
25,27,111074,5,92,55.1,Medium
51,1,97360,96,97,68.0,Medium
58,0,70979,67,83,54.9,Medium
44,25,117661,28,89,57.6,Medium
36,28,26979,17,60,41.8,Medium
50,20,46189,15,99,58.5,Medium
57,10,62600,55,52,40.0,Low
34,10,79560,21,82,48.2,Medium
53,34,98040,86,60,57.4,Medium
28,33,81558,90,65,60.4,Medium
43,23,106205,28,67,46.0,Medium
49,21,26910,23,79,50.4,Medium
23,4,77713,41,97,57.9,Medium
27,32,66857,89,59,56.9,Medium
49,19,54964,12,67,41.6,Medium
49,18,105667,32,87,55.3,Medium
41,34,45227,9,68,46.0,Medium
51,16,25978,21,85,51.5,Medium
32,33,107527,40,62,48.9,Medium
49,8,37153,23,95,54.5,Medium
46,25,79765,68,52,47.1,Medium
54,1,119084,95,59,48.8,Medium
22,8,59071,15,87,48.9,Medium
48,8,89519,58,50,39.0,Low
34,16,29503,49,76,52.6,Medium
24,0,80703,51,95,57.7,Medium
27,24,84379,16,57,38.9,Low
29,24,115457,25,95,59.7,Medium
48,34,77866,15,91,58.7,Medium
30,2,36905,96,66,52.800000000000004,Medium
58,29,65838,9,58,39.5,Low
54,33,78279,85,55,54.4,Medium
45,11,109489,60,92,61.3,Medium
36,18,46806,24,74,47.2,Medium
53,16,65000,45,88,57.8,Medium
53,9,42168,50,98,61.7,Medium
45,11,90119,16,77,45.0,Medium
33,15,58714,74,82,60.3,Medium
23,23,74093,21,86,54.1,Medium
24,18,75419,23,58,39.0,Low
58,7,69145,30,67,41.6,Medium
38,30,97425,52,70,54.4,Medium
23,20,112949,56,51,42.7,Medium
23,16,97811,74,92,65.6,Medium
49,22,22461,59,87,61.9,Medium
44,15,34291,79,89,64.8,Medium
58,5,66804,37,85,51.4,Medium
53,7,96971,66,99,64.8,Medium
54,24,113471,92,92,71.6,High
22,17,84946,27,86,53.5,Medium
40,24,118989,19,64,43.0,Medium
23,11,104080,31,77,48.0,Medium
47,14,81332,79,67,53.5,Medium
53,25,97794,68,83,62.6,Medium
27,25,50841,85,71,60.0,Medium
53,31,68758,55,60,50.3,Medium
25,9,96272,57,62,45.1,Medium
32,15,57643,82,53,47.400000000000006,Medium
38,6,70408,95,71,56.3,Medium
59,16,63950,86,56,50.0,Medium
45,22,76849,96,92,71.80000000000001,High
26,25,48044,55,73,55.0,Medium
55,20,35997,51,53,42.7,Medium
27,21,99751,8,77,46.4,Medium
43,6,118605,11,64,36.0,Low
32,13,43911,39,50,36.7,Low
37,14,75533,52,52,40.6,Medium
54,6,102566,77,63,48.7,Medium
30,8,114870,76,87,61.1,Medium
27,7,34571,49,99,61.4,Medium
37,22,114463,85,50,48.6,Medium
50,28,77941,85,87,68.9,Medium
24,17,78005,76,87,63.8,Medium
41,30,106250,23,70,48.6,Medium
57,29,78712,67,97,70.6,High
40,34,63541,42,78,57.6,Medium
47,17,43387,71,54,46.3,Medium
24,16,113980,63,98,66.4,Medium
40,13,68908,73,59,48.0,Medium
41,30,105457,17,77,50.9,Medium
53,23,33057,51,70,52.1,Medium
28,34,84028,65,99,72.7,High
54,33,75731,35,56,44.9,Medium
39,2,44858,84,52,43.400000000000006,Medium
22,25,68689,26,94,59.7,Medium
32,22,64638,97,96,74.0,High
49,14,111598,90,69,56.7,Medium
46,3,66486,47,68,44.3,Medium
44,28,40567,71,84,64.6,Medium
52,21,49739,58,53,44.400000000000006,Medium
51,24,77804,14,54,37.0,Low
56,12,23754,46,50,37.8,Low
28,17,47044,68,53,45.2,Medium
37,32,87260,25,61,45.1,Medium
47,15,86912,84,76,59.3,Medium
23,1,28706,80,91,61.8,Medium
22,34,28894,70,72,60.2,Medium
33,33,38037,45,74,55.9,Medium
26,29,103986,28,70,49.3,Medium
58,12,101942,39,73,47.9,Medium
53,12,71612,60,74,52.6,Medium
30,17,49725,34,94,58.9,Medium
56,31,25926,61,95,69.0,Medium
40,31,29496,98,81,69.4,Medium
37,34,76447,51,81,60.9,Medium
24,28,49806,39,54,43.2,Medium
41,28,108199,23,85,55.5,Medium
45,15,61321,12,95,54.4,Medium
54,9,85095,30,91,54.2,Medium
45,29,42656,75,98,72.7,High
32,24,75147,34,91,59.5,Medium
29,19,111396,11,88,51.9,Medium
57,4,69666,71,65,47.9,Medium
59,0,102368,69,82,54.8,Medium
41,29,58787,40,98,65.7,Medium
56,2,82946,29,70,41.4,Medium
46,13,41727,41,58,41.1,Medium
56,29,115081,5,55,37.2,Low
46,3,88056,19,94,51.7,Medium
50,17,23081,41,84,55.3,Medium
39,24,54196,17,88,54.6,Medium
39,0,56735,12,71,37.9,Low
23,14,100102,9,90,51.0,Medium
56,8,99578,64,54,42.2,Medium
37,14,45498,77,91,65.1,Medium
57,23,96865,5,72,43.9,Medium
54,3,51656,40,66,41.9,Medium
25,11,87695,39,61,41.6,Medium
54,5,57900,70,72,51.5,Medium
35,23,104899,67,65,52.8,Medium
42,10,67701,27,52,34.4,Low
41,12,39033,13,79,45.7,Medium
29,33,30805,38,71,53.0,Medium
28,24,55851,50,58,46.2,Medium
24,6,46832,82,78,57.2,Medium
38,3,83437,8,96,50.5,Medium
54,7,33944,34,86,51.9,Medium
33,19,39873,99,72,61.5,Medium
43,28,60372,79,62,55.2,Medium
43,9,109464,76,81,58.400000000000006,Medium
51,33,35379,7,95,58.8,Medium
59,25,56751,18,96,59.1,Medium
59,2,109822,64,97,61.9,Medium
29,5,25110,81,72,53.7,Medium
48,4,74341,49,94,58.0,Medium
48,4,32087,38,66,41.8,Medium
55,22,43762,49,89,60.9,Medium
42,8,102617,65,70,50.4,Medium
51,34,29596,87,51,53.1,Medium
54,19,38313,20,86,52.7,Medium
49,34,86549,70,55,51.7,Medium
54,17,43705,44,93,60.4,Medium
26,16,87364,21,67,42.5,Medium
40,23,93445,38,79,54.0,Medium
25,2,98645,20,71,40.1,Medium
56,31,22023,64,82,63.1,Medium
38,34,79796,70,79,63.7,Medium
49,12,100073,70,66,50.6,Medium
51,24,112197,94,92,72.0,High
50,8,84429,17,81,46.3,Medium
27,3,81627,60,91,58.4,Medium
56,13,53848,35,63,42.4,Medium
58,33,57804,38,59,47.0,Medium
45,10,35379,43,96,59.6,Medium
50,2,79664,71,85,57.3,Medium
52,27,47766,12,83,52.0,Medium
56,28,88099,91,58,55.6,Medium
54,8,56060,82,91,64.3,Medium
42,2,114733,59,77,50.9,Medium
53,24,89122,31,60,43.4,Medium
44,33,36087,97,63,60.800000000000004,Medium
54,11,68868,57,88,58.7,Medium
24,8,43225,43,96,59.0,Medium
39,14,115286,69,68,52.0,Medium
46,24,26643,21,64,43.4,Medium
52,4,113059,34,77,46.5,Medium
24,10,56727,57,73,50.9,Medium
45,33,31005,17,57,41.8,Medium
53,23,85697,25,92,57.9,Medium
43,14,36029,23,58,37.8,Low
44,7,34226,57,96,61.5,Medium
23,4,83646,23,82,46.8,Medium
48,25,80603,61,82,60.7,Medium
23,17,48731,29,68,44.9,Medium
47,5,88926,90,52,45.5,Medium
38,12,25997,35,59,40.1,Medium
54,27,75506,85,89,69.6,Medium
30,4,98229,59,96,61.0,Medium
50,12,69815,27,91,54.5,Medium
47,16,62092,36,50,37.0,Low
56,31,82539,66,78,61.5,Medium
46,28,86077,78,99,73.5,High
45,2,41817,14,83,44.9,Medium
34,33,57861,76,62,56.1,Medium
28,26,33428,58,50,44.400000000000006,Medium
57,12,63934,56,83,56.3,Medium
41,32,30258,24,78,53.4,Medium
22,5,77775,36,97,57.2,Medium
29,23,101580,18,96,58.5,Medium
37,18,114947,54,62,47.2,Medium
35,15,25469,32,97,59.4,Medium
33,27,48854,57,98,68.5,Medium
44,32,26256,28,78,54.2,Medium
36,12,96256,83,88,64.2,Medium
49,24,53937,26,73,48.9,Medium
55,26,119134,34,75,52.1,Medium
23,6,21651,67,66,48.2,Medium
53,4,70288,8,56,30.8,Low
44,30,104730,81,62,56.2,Medium
43,22,45051,63,54,46.2,Medium
46,9,47386,91,75,58.4,Medium
43,31,95054,12,98,60.7,Medium
43,29,36184,86,52,51.9,Medium
27,30,53787,16,56,40.2,Medium
36,17,41621,35,98,61.1,Medium
58,1,95564,82,88,60.7,Medium
54,13,97984,38,50,36.5,Low
29,12,79792,86,98,69.8,Medium
26,28,65253,79,66,57.2,Medium
25,11,54051,80,92,65.3,Medium
27,1,69811,53,74,47.900000000000006,Medium
53,31,50447,83,52,51.9,Medium
51,12,103930,61,64,47.8,Medium
56,26,50254,99,78,66.6,Medium
37,16,104045,97,92,70.2,High
34,30,77418,30,81,55.5,Medium
51,33,34472,22,75,51.8,Medium
40,23,23471,90,65,57.4,Medium
38,34,115804,42,74,55.6,Medium
40,5,28329,85,77,57.0,Medium
49,18,54865,91,58,52.599999999999994,Medium
47,29,66850,92,50,52.1,Medium
58,6,74220,54,78,51.6,Medium
47,9,113808,12,71,40.6,Medium
44,31,26397,45,65,50.8,Medium
30,33,117909,10,90,56.9,Medium
33,27,55525,73,93,69.2,Medium
22,14,73072,48,90,58.8,Medium
22,29,110106,68,56,50.3,Medium
55,28,103820,33,63,46.5,Medium
53,21,104530,32,78,51.7,Medium
46,3,43284,15,68,37.9,Low
22,19,81330,69,68,53.5,Medium
37,31,103369,23,51,39.4,Low
26,3,45122,13,90,48.5,Medium
43,26,90553,31,94,61.0,Medium
50,16,101906,38,64,44.4,Medium
24,11,114788,48,52,38.900000000000006,Low
33,21,82812,72,60,50.7,Medium
47,16,27999,86,95,69.5,Medium
37,9,42436,19,79,46.0,Medium
58,0,62963,55,89,55.5,Medium
43,21,22096,17,67,43.2,Medium
50,25,45279,87,97,73.4,High
35,17,46201,53,51,41.2,Medium
49,13,39715,74,81,59.2,Medium
26,28,49309,60,57,48.9,Medium
51,11,35078,80,71,54.8,Medium
26,34,76614,55,55,48.7,Medium
33,11,25105,41,61,42.0,Medium
37,6,114848,21,96,54.0,Medium
47,28,22839,62,89,65.3,Medium
47,10,88920,91,85,63.7,Medium
42,32,63619,94,64,60.4,Medium
57,5,62821,33,77,46.6,Medium
54,14,33493,37,98,60.6,Medium
51,31,37069,64,94,69.1,Medium
58,10,27531,95,67,55.5,Medium
44,22,57051,93,51,50.7,Medium
31,25,27736,59,62,50.3,Medium
26,33,27710,14,94,59.7,Medium
57,33,87155,51,64,52.1,Medium
55,28,33975,27,69,48.3,Medium
52,3,82424,89,78,57.7,Medium
31,16,65603,25,91,55.3,Medium
40,34,43252,17,78,52.6,Medium
53,12,100797,37,52,37.0,Low
22,14,21431,28,68,43.8,Medium
26,28,94603,15,52,37.4,Low
25,28,57481,21,63,44.1,Medium
37,10,112573,72,89,61.9,Medium
45,31,29557,51,53,46.0,Medium
37,1,94971,29,60,36.1,Low
23,13,20162,98,80,63.5,Medium
49,19,54742,77,92,67.1,Medium
53,21,39675,25,81,51.8,Medium
48,10,93997,88,76,58.6,Medium
41,26,37015,87,79,64.7,Medium
45,2,70057,87,92,64.0,Medium
33,16,52591,16,51,33.5,Low
56,27,113583,41,98,65.3,Medium
54,28,29833,46,58,46.6,Medium
54,20,27896,21,77,48.7,Medium
58,15,52972,52,80,54.9,Medium
33,19,69733,32,83,53.6,Medium
24,5,61800,45,64,42.5,Medium
22,18,116044,51,97,64.1,Medium
54,4,25347,22,74,42.6,Medium
31,2,79063,82,85,59.5,Medium
50,0,115850,75,57,43.5,Medium
34,14,22643,17,58,36.6,Low
33,33,60785,86,86,70.1,High
52,34,38681,17,97,62.1,Medium
23,24,70026,35,94,61.2,Medium
56,23,35892,6,88,52.1,Medium
44,11,67299,20,81,47.8,Medium
38,17,37073,13,66,40.7,Medium
47,14,50682,77,84,61.6,Medium
29,15,117798,42,86,55.9,Medium
50,26,116894,79,68,57.6,Medium
47,7,34289,58,93,60.2,Medium
31,24,27927,60,78,58.2,Medium
47,16,68330,90,56,50.8,Medium
55,28,86707,91,77,65.1,Medium
28,7,97454,49,58,40.9,Medium
25,14,85428,38,77,50.3,Medium
32,26,70601,13,55,37.9,Low
50,6,97465,92,78,59.2,Medium
57,2,22539,12,66,36.0,Low
46,28,42669,11,65,43.1,Medium
42,23,90968,40,72,50.9,Medium
57,2,40644,22,80,45.0,Medium
31,19,38745,7,52,33.1,Low
58,14,48228,32,70,45.6,Medium
30,24,54521,74,75,59.5,Medium
45,29,117239,48,85,60.8,Medium
56,13,46928,25,91,54.4,Medium
56,6,38322,32,86,51.2,Medium
57,16,77714,58,71,51.900000000000006,Medium
39,19,107896,58,91,62.8,Medium
53,8,82292,69,61,46.7,Medium
45,21,49055,25,91,56.8,Medium
44,1,62891,17,62,34.7,Low
53,23,101912,61,60,49.1,Medium
58,7,26588,53,65,45.2,Medium
33,10,110536,58,57,43.1,Medium
34,12,26304,14,89,50.9,Medium
44,16,27345,57,89,60.7,Medium
46,7,49300,48,94,58.7,Medium
56,20,44259,51,51,41.7,Medium
51,17,111006,57,79,56.0,Medium
38,29,108553,78,79,63.8,Medium
41,17,35352,50,61,45.6,Medium
46,30,53365,17,59,41.9,Medium
43,31,39446,41,93,64.0,Medium
34,10,22336,28,60,38.6,Low
40,24,82032,6,64,40.4,Medium
57,32,95415,90,65,60.1,Medium
33,7,117852,85,66,52.1,Medium
40,10,118876,18,75,44.1,Medium
33,21,27521,14,51,34.6,Low
30,23,91707,39,99,64.2,Medium
28,16,43481,29,61,41.1,Medium
49,11,38474,7,75,42.2,Medium
35,31,66760,21,72,49.5,Medium
52,14,75718,16,67,40.9,Medium
40,15,64629,58,81,56.6,Medium
37,21,65232,28,98,60.9,Medium
26,27,106544,33,87,58.2,Medium
56,19,87169,47,96,63.1,Medium
33,32,70669,29,52,41.4,Medium
46,9,98021,64,87,59.0,Medium
42,31,89184,94,52,54.1,Medium
57,32,67945,69,79,62.9,Medium
44,1,33140,88,50,42.900000000000006,Medium
37,32,103457,32,79,55.5,Medium
35,32,34357,20,94,60.6,Medium
52,12,88673,51,81,54.3,Medium
26,29,85633,85,77,64.2,Medium
56,32,96943,96,70,63.800000000000004,Medium
44,12,116111,62,95,63.5,Medium
50,25,98258,80,62,54.5,Medium
32,21,32924,31,76,50.5,Medium
39,1,89286,57,85,54.2,Medium
33,25,113269,46,56,44.7,Medium
30,14,94071,63,71,52.3,Medium
31,33,77326,51,59,49.6,Medium
38,10,110023,98,88,66.6,Medium
59,2,50651,38,64,40.2,Medium
28,5,90202,41,64,41.7,Medium
34,8,68777,10,53,30.9,Low
30,5,36994,11,81,44.2,Medium
48,8,87263,29,72,44.2,Medium
23,30,79634,37,55,43.9,Medium
26,31,30800,59,73,57.6,Medium
50,11,57823,62,69,50.2,Medium
58,7,83878,11,86,47.3,Medium
59,7,38708,61,69,48.8,Medium
40,27,32819,16,61,41.8,Medium
29,19,94905,20,82,50.7,Medium
22,6,83870,84,77,57.1,Medium
43,10,29283,47,57,40.9,Medium
38,19,50573,81,50,46.9,Medium
28,15,98707,11,86,49.7,Medium
46,3,50933,55,71,47.4,Medium
25,5,25774,77,55,44.4,Medium
57,21,92055,36,70,48.5,Medium
27,25,30983,79,81,63.8,Medium
52,2,116468,12,84,45.0,Medium
40,13,116334,91,64,54.099999999999994,Medium
48,10,38133,93,54,48.6,Medium
31,17,34939,76,95,67.8,Medium
47,11,20781,49,99,62.6,Medium
40,22,76700,90,97,73.1,High
24,11,47624,63,55,43.400000000000006,Medium
34,12,26823,8,74,42.2,Medium
49,24,38489,71,95,68.9,Medium
41,18,59961,33,89,56.5,Medium
49,7,49118,33,78,47.7,Medium
29,28,101816,32,56,42.8,Medium
22,31,42263,81,89,70.0,Medium
24,17,33565,83,62,52.7,Medium
34,5,40354,91,87,63.2,Medium
49,17,62951,48,67,48.2,Medium
46,18,111179,94,51,49.7,Medium
54,21,43648,8,57,36.4,Low
59,31,70729,94,60,58.1,Medium
27,2,61971,13,82,44.2,Medium
53,27,38658,9,87,53.4,Medium
42,9,41253,60,97,63.2,Medium
37,34,84166,88,76,65.8,Medium
42,28,68563,54,69,53.7,Medium
32,14,46390,79,61,50.5,Medium
58,32,108664,19,92,59.4,Medium
57,6,71578,36,80,49.0,Medium
56,11,99025,32,76,47.7,Medium
40,29,52658,26,81,54.4,Medium
41,20,26852,21,59,39.7,Low
39,30,114986,63,52,47.6,Medium
35,23,22551,94,94,72.7,High
36,19,91947,75,76,58.7,Medium
52,3,81001,61,84,55.1,Medium
22,27,69159,30,80,54.1,Medium
24,19,71707,29,64,43.5,Medium
37,23,53243,14,65,42.2,Medium
44,31,41800,49,62,50.1,Medium
32,33,95939,87,98,76.30000000000001,High
33,1,77828,15,84,45.3,Medium
31,14,27239,81,60,50.4,Medium
53,33,26710,57,70,56.3,Medium
37,5,41384,76,60,46.7,Medium
29,11,41038,72,79,57.2,Medium
59,2,60846,99,97,68.9,Medium
33,17,107983,32,84,53.5,Medium
45,20,87821,79,71,57.3,Medium
49,14,57991,69,87,61.5,Medium
29,32,99057,53,80,60.2,Medium
49,34,26971,51,63,51.9,Medium
57,25,49139,56,73,55.2,Medium
47,7,105445,92,99,70.0,Medium
29,29,97067,58,98,69.3,Medium
49,22,100257,64,81,59.9,Medium
49,13,104742,61,85,58.6,Medium
58,13,57711,51,81,54.6,Medium
57,1,26530,35,64,39.3,Low
48,4,31116,50,92,57.2,Medium
38,13,85794,30,84,51.9,Medium
30,24,20282,9,52,35.0,Low
54,19,99473,88,65,55.8,Medium
41,1,21898,56,54,38.5,Low
34,5,24135,79,70,52.3,Medium
49,16,26629,58,59,45.900000000000006,Medium
50,24,105120,37,68,48.6,Medium
34,27,109087,54,74,55.9,Medium
56,1,85031,42,53,35.2,Low
27,34,53380,31,78,55.4,Medium
39,4,37071,19,68,39.0,Low
26,0,40074,65,92,59.0,Medium
46,11,110724,25,51,33.8,Low
23,22,87843,50,59,46.1,Medium
31,30,59901,73,92,69.6,Medium
51,10,31205,10,74,42.0,Medium
26,9,75661,42,69,45.6,Medium
54,2,25906,66,97,62.3,Medium
22,13,22591,90,68,55.9,Medium
39,15,82987,66,72,53.7,Medium
53,9,83370,86,73,56.4,Medium
32,28,100685,82,60,54.800000000000004,Medium
42,9,74400,78,95,65.8,Medium
47,11,45150,50,83,54.8,Medium
46,29,51852,17,77,50.6,Medium
43,0,62870,99,54,46.8,Medium
48,4,72756,98,54,47.8,Medium
34,19,76481,7,70,42.1,Medium
54,7,21283,98,61,52.2,Medium
55,11,53691,10,99,54.8,Medium
56,0,21125,97,53,45.900000000000006,Medium
22,19,87065,12,98,57.1,Medium
42,27,46170,48,91,63.2,Medium
27,11,28438,37,69,45.2,Medium
49,27,40095,85,87,68.6,Medium
38,14,36154,79,74,57.0,Medium
26,5,28004,81,63,49.2,Medium
52,19,29752,54,60,46.5,Medium
26,13,75426,15,81,47.4,Medium
59,1,46819,99,60,50.1,Medium
24,8,112051,32,67,42.3,Medium
44,19,44217,74,76,58.5,Medium
58,25,108708,45,67,50.0,Medium
58,28,52994,20,72,48.4,Medium
31,0,35036,72,60,44.4,Medium
31,34,97275,52,70,55.6,Medium
40,5,117756,60,93,60.0,Medium
38,4,69416,68,54,41.8,Medium
42,32,29587,63,72,58.2,Medium
35,13,115665,94,90,67.7,Medium
30,11,20645,66,74,53.5,Medium
22,19,50930,80,90,66.7,Medium
34,23,101835,15,59,39.4,Low
25,33,50090,93,71,64.0,Medium
22,24,107489,22,68,45.6,Medium
53,28,72142,23,50,38.0,Low
55,30,46475,91,56,55.2,Medium
49,22,38888,59,53,44.9,Medium
52,19,63732,86,50,47.9,Medium
29,22,101623,30,64,44.6,Medium
47,15,66305,10,89,51.0,Medium
55,7,66037,8,61,34.2,Low
24,20,29346,33,71,48.1,Medium
33,0,20587,63,71,48.1,Medium
22,7,32763,21,99,55.8,Medium
26,28,79165,47,96,65.8,Medium
51,31,89615,84,66,59.1,Medium
51,4,56116,70,78,54.2,Medium
38,21,105751,38,95,61.4,Medium
44,33,111353,12,63,43.8,Medium
36,0,110301,17,99,52.9,Medium
58,25,115648,12,69,44.4,Medium
42,9,45556,98,99,71.8,High
35,29,79042,98,97,76.8,High
23,17,38099,69,82,59.9,Medium
32,16,65096,47,92,60.2,Medium
59,25,91986,43,64,48.1,Medium
55,7,33230,85,61,49.6,Medium
59,11,49009,63,89,60.400000000000006,Medium
55,26,90969,88,69,59.900000000000006,Medium
39,7,53866,92,79,60.0,Medium
51,24,104246,90,87,68.7,Medium
36,3,96975,97,52,46.3,Medium
48,32,61855,90,77,66.1,Medium
55,0,101557,48,75,47.1,Medium
59,18,26416,13,79,47.5,Medium
54,30,92516,41,62,48.2,Medium
45,15,75915,78,62,51.1,Medium
36,13,38058,40,51,37.4,Low
51,4,96637,96,86,63.400000000000006,Medium
38,25,60718,32,98,62.9,Medium
26,27,52602,46,87,60.8,Medium
50,1,94658,47,51,35.2,Low
25,5,98112,89,85,61.8,Medium
31,8,78067,92,75,58.3,Medium
38,32,47516,46,60,48.8,Medium
31,24,107969,70,57,49.7,Medium
38,12,21089,59,93,61.9,Medium
41,8,57346,76,89,62.1,Medium
45,12,94663,52,92,60.0,Medium
26,30,30487,95,71,63.5,Medium
55,10,20155,26,69,42.7,Medium
27,3,87494,31,57,35.6,Low
23,33,96229,97,78,68.30000000000001,Medium
34,3,58547,71,89,59.6,Medium
32,18,48795,17,75,46.3,Medium
44,5,75296,49,79,50.8,Medium
37,33,41447,14,66,45.7,Medium
52,17,56598,13,69,42.2,Medium
32,12,61814,58,65,47.7,Medium
37,22,110751,31,95,60.3,Medium
29,18,95330,38,92,59.0,Medium
25,10,118745,5,56,32.0,Low
25,0,107960,36,65,39.7,Low
46,23,83278,93,94,72.5,High
24,6,75077,97,96,69.2,Medium
53,24,91906,75,97,70.7,High
24,20,29528,71,76,58.2,Medium
48,14,113812,88,72,57.8,Medium
50,0,70100,24,73,41.3,Medium
53,11,28179,98,58,51.900000000000006,Medium
40,6,68781,39,84,51.6,Medium
42,14,75267,95,69,57.7,Medium
26,20,102379,94,86,67.8,Medium
39,18,43952,82,91,67.3,Medium
49,28,73798,21,66,45.6,Medium
43,24,118696,22,96,59.6,Medium
42,32,70939,49,80,59.4,Medium
27,31,49516,97,57,57.2,Medium
22,34,76526,88,64,59.8,Medium
26,25,30449,57,80,58.9,Medium
33,10,70290,95,79,61.5,Medium
47,34,106661,86,95,74.9,High
55,7,92954,72,69,51.0,Medium
35,13,42746,69,88,61.7,Medium
47,9,87990,5,61,34.2,Low
48,1,78810,62,98,61.7,Medium
30,8,103297,30,66,41.4,Medium
47,2,35223,24,91,50.9,Medium
43,20,92237,91,79,63.7,Medium
51,25,22597,14,78,49.3,Medium
38,7,85677,63,68,48.7,Medium
47,1,22659,79,95,63.6,Medium
57,5,106516,45,60,40.5,Medium
22,27,94567,9,83,51.4,Medium
29,28,35037,69,99,71.7,High
56,25,66738,21,56,39.7,Low
36,24,91678,26,93,58.9,Medium
43,11,32109,45,83,53.8,Medium
35,4,42010,97,69,55.1,Medium
47,33,28787,72,99,73.8,High
49,14,28472,73,87,62.3,Medium
44,14,43383,15,73,43.7,Medium
35,22,81709,60,59,48.1,Medium
45,5,89785,55,81,53.0,Medium
23,20,54518,25,64,43.0,Medium
47,22,73909,80,86,65.6,Medium
35,15,38351,30,69,45.0,Medium
28,14,89624,23,52,34.8,Low
24,24,73330,64,86,63.0,Medium
44,10,35282,75,89,62.5,Medium
39,14,104866,51,57,42.900000000000006,Medium
59,3,41778,75,89,60.4,Medium
56,20,44264,30,93,58.5,Medium
36,12,79675,44,72,48.4,Medium
46,21,25075,9,89,52.6,Medium
58,18,95948,25,60,40.4,Medium
49,33,68454,82,95,73.80000000000001,High
31,13,48365,8,57,34.0,Low
38,3,92766,27,78,45.3,Medium
43,26,68200,88,79,64.9,Medium
47,28,31002,19,59,41.7,Medium
46,27,33947,97,88,71.5,High
38,34,99222,12,77,51.1,Medium
34,7,114840,45,98,60.1,Medium
41,15,98610,23,85,51.6,Medium
46,29,72142,50,62,49.7,Medium
25,17,76307,32,81,52.0,Medium
31,1,24493,95,85,61.8,Medium
24,12,70085,72,86,61.0,Medium
39,3,54228,19,75,42.2,Medium
57,25,99676,41,71,51.2,Medium
43,24,71875,5,53,34.7,Low
55,29,51655,71,80,62.9,Medium
29,10,63472,28,67,42.1,Medium
40,6,69437,31,87,51.5,Medium
58,30,69416,44,73,54.3,Medium
27,9,79711,67,72,52.1,Medium
47,12,26816,65,71,52.1,Medium
55,30,97175,40,51,42.5,Medium
27,6,84307,97,80,61.2,Medium
58,19,66733,28,60,41.3,Medium
54,3,115028,28,77,45.0,Medium
43,6,31240,8,95,50.9,Medium
42,0,118234,71,81,54.7,Medium
27,12,112493,38,54,38.2,Low
27,21,118344,61,87,62.0,Medium
25,20,91363,53,59,46.1,Medium
51,21,52762,91,89,69.0,Medium
32,27,28259,57,95,67.0,Medium
51,8,70139,27,73,44.3,Medium
52,25,34849,73,84,64.1,Medium
45,8,101768,99,93,68.7,Medium
30,14,109709,57,97,64.1,Medium
24,9,74869,66,72,51.9,Medium
52,23,83095,45,66,48.9,Medium
58,7,90910,61,50,39.3,Low
57,23,106710,64,80,59.7,Medium
45,15,43567,58,80,56.1,Medium
52,25,55292,74,91,67.8,Medium
27,26,94813,61,91,65.5,Medium
23,3,117136,14,83,45.2,Medium
41,23,71631,44,58,44.7,Medium
49,18,29885,11,71,43.1,Medium
32,9,79659,42,62,42.1,Medium
25,24,74306,89,74,62.0,Medium
36,17,86314,65,97,66.6,Medium
27,18,85087,88,67,56.5,Medium
51,9,49165,7,61,34.6,Low
59,32,78929,55,89,65.1,Medium
23,4,87028,90,66,52.2,Medium
36,34,115998,51,64,52.4,Medium
32,33,69812,72,91,69.8,Medium
29,32,70500,96,64,60.800000000000004,Medium
47,20,99151,80,64,54.0,Medium
26,16,78643,42,88,57.2,Medium
27,21,64900,40,62,45.3,Medium
47,14,62946,45,66,46.2,Medium
25,34,27851,73,81,65.3,Medium
40,27,36288,17,58,40.5,Medium
41,6,92692,91,89,64.5,Medium
54,31,87580,62,69,56.2,Medium
41,10,27368,54,75,51.3,Medium
33,9,105436,34,76,47.5,Medium
22,8,116136,66,70,50.6,Medium
47,13,66403,29,67,43.2,Medium
35,12,111170,31,62,40.8,Medium
59,24,29168,55,65,50.7,Medium
58,1,106497,82,58,45.7,Medium
32,34,69879,61,61,52.9,Medium
57,6,79871,51,93,58.5,Medium
34,20,109388,43,87,58.1,Medium
24,17,118646,20,68,43.1,Medium
54,2,52174,26,56,33.8,Low
27,10,119751,89,84,62.8,Medium
31,23,112491,58,97,67.0,Medium
26,18,26581,25,67,43.9,Medium
44,3,91853,76,65,48.6,Medium
31,25,84046,20,88,55.5,Medium
23,31,69678,63,53,48.4,Medium
34,32,46649,35,74,53.6,Medium
23,2,108668,46,81,50.3,Medium
41,8,102325,78,89,62.5,Medium
22,7,34567,36,62,40.3,Medium
58,32,100404,63,94,69.2,Medium
30,5,109906,38,66,42.1,Medium
38,3,116019,13,98,52.5,Medium
30,12,81944,85,86,63.6,Medium
32,1,98002,15,55,30.8,Low
36,4,48803,14,68,38.0,Low
45,26,38230,90,62,56.8,Medium
59,31,37862,21,75,51.0,Medium
56,20,63355,72,63,51.9,Medium
51,7,51259,52,80,52.5,Medium
52,7,119075,56,53,39.8,Low
26,2,107445,29,88,50.4,Medium
35,2,50795,25,57,34.1,Low
32,21,28770,69,74,57.1,Medium
30,5,31093,67,62,45.9,Medium
55,1,66571,93,81,59.400000000000006,Medium
33,22,20193,55,87,61.1,Medium
56,1,37569,40,87,51.8,Medium
56,16,31190,85,77,60.3,Medium
22,34,82824,92,79,68.1,Medium
43,33,62752,70,52,49.9,Medium
50,22,52327,19,77,48.9,Medium
29,29,62070,43,52,43.3,Medium
32,7,105925,74,94,63.900000000000006,Medium
58,21,60197,5,83,48.8,Medium
35,4,22261,27,65,39.1,Low
51,12,113905,43,71,47.7,Medium
56,28,46512,61,81,61.1,Medium
42,30,26716,85,87,69.5,Medium
58,15,106795,38,57,40.6,Medium
26,29,48933,45,57,46.2,Medium
40,15,24378,97,55,51.400000000000006,Medium
35,11,60583,77,63,50.2,Medium
47,16,105371,17,81,48.7,Medium
25,15,49033,74,84,61.3,Medium
46,11,44000,10,59,34.8,Low
46,7,95868,88,52,45.7,Medium
39,19,62604,56,61,47.400000000000006,Medium
29,2,88336,7,98,51.0,Medium
35,15,115074,85,80,61.5,Medium
53,29,115655,67,78,61.1,Medium
59,22,93869,53,54,44.2,Medium
54,27,25410,80,74,61.1,Medium
44,4,103375,51,90,56.4,Medium
36,19,76044,59,80,57.5,Medium
54,0,83315,68,70,48.6,Medium
46,29,116055,69,69,57.0,Medium
38,20,91344,85,88,67.0,Medium
54,19,26796,71,71,55.400000000000006,Medium
23,5,106716,94,53,46.8,Medium
35,21,74245,19,62,41.1,Medium
27,17,63056,36,94,59.3,Medium
27,7,37709,72,91,62.0,Medium
24,31,78557,22,99,63.2,Medium
28,32,37543,87,98,76.0,High
29,15,57418,47,69,48.4,Medium
36,11,114611,39,62,42.1,Medium
50,33,116038,82,66,59.300000000000004,Medium
54,13,36724,62,85,58.8,Medium
51,32,23828,37,82,58.0,Medium
48,22,37087,18,50,35.2,Low
57,1,32605,38,64,39.9,Low
50,20,51337,65,62,50.0,Medium
59,1,25482,8,66,34.9,Low
54,26,85333,92,73,62.7,Medium
58,8,112541,63,57,43.5,Medium
48,0,108296,33,99,56.1,Medium
54,10,70952,87,76,58.400000000000006,Medium
25,2,25463,10,94,49.6,Medium
43,22,90448,53,72,53.2,Medium
23,25,24648,44,95,63.8,Medium
31,3,53623,87,57,46.8,Medium
26,17,79156,69,57,47.4,Medium
31,5,55634,73,75,53.6,Medium
54,34,64602,31,96,64.4,Medium
59,21,69334,84,62,54.1,Medium
34,14,88648,10,88,50.2,Medium
52,21,42054,17,86,52.7,Medium
57,11,90028,68,98,65.9,Medium
45,17,42207,66,77,56.8,Medium
36,34,100650,23,74,51.8,Medium
50,29,119821,80,65,57.2,Medium
29,23,101554,84,51,49.2,Medium
26,29,41386,47,67,51.6,Medium
50,13,103276,78,66,52.5,Medium
25,5,79518,93,79,59.6,Medium
33,2,72781,24,88,49.4,Medium
23,15,72780,99,62,55.3,Medium
48,6,81440,72,81,56.7,Medium
52,13,64199,48,99,63.0,Medium
57,8,81035,27,78,46.8,Medium
57,14,28210,6,95,52.9,Medium
47,20,64363,26,79,50.7,Medium
48,34,98279,61,67,55.9,Medium
26,1,80348,76,62,46.5,Medium
41,26,75284,11,92,56.0,Medium
32,1,92124,82,70,51.7,Medium
31,34,88847,60,79,61.7,Medium
59,17,42432,71,70,54.3,Medium
27,13,84089,20,97,56.4,Medium
29,19,75398,87,66,56.1,Medium
44,17,119291,55,89,60.6,Medium
47,9,23321,86,68,53.9,Medium
33,24,101348,84,64,56.0,Medium
47,1,57383,76,58,44.5,Medium
34,24,98682,16,59,39.9,Low
39,32,99190,57,93,67.5,Medium
46,30,72893,79,80,64.8,Medium
54,13,55820,9,72,41.7,Medium
33,0,86262,31,79,45.7,Medium
57,15,23760,16,82,48.7,Medium
25,2,42190,21,58,33.8,Low
26,34,87411,10,96,60.2,Medium
58,5,43377,9,50,28.3,Low
29,24,66737,61,93,65.9,Medium
49,12,89569,32,84,52.0,Medium
52,33,58211,82,60,56.300000000000004,Medium
30,7,102909,73,83,58.2,Medium
50,20,23744,63,65,51.1,Medium
35,33,44995,37,58,46.3,Medium
43,3,36977,66,81,54.6,Medium
32,24,117938,54,64,50.0,Medium
44,14,54542,23,61,39.3,Low
22,3,30651,90,82,59.9,Medium
58,11,119239,73,94,64.9,Medium
42,31,98931,70,63,54.8,Medium
47,31,115344,98,57,57.4,Medium
57,27,36715,51,57,46.8,Medium
44,12,64409,43,76,50.2,Medium
22,30,44306,72,61,53.9,Medium
36,13,39086,37,50,36.3,Low
42,19,34376,17,92,55.1,Medium
30,17,81350,88,89,67.2,Medium
30,28,91425,58,91,65.5,Medium
31,5,56636,11,60,33.7,Low
47,31,106120,83,88,69.9,Medium
56,28,71649,91,92,72.6,High
46,1,54610,18,80,43.9,Medium
47,22,30058,91,66,57.8,Medium
32,18,94637,23,82,51.0,Medium
59,30,98033,58,81,61.1,Medium
23,4,90194,97,78,59.6,Medium
28,18,96917,24,70,45.2,Medium
39,33,84200,33,70,51.5,Medium
48,9,66619,28,89,52.8,Medium
55,24,37154,86,72,60.4,Medium
48,1,39539,67,55,41.2,Medium
38,10,80058,78,71,54.1,Medium
45,30,82068,61,99,70.7,High
46,14,97313,12,87,50.1,Medium
28,8,119932,94,86,64.2,Medium
27,22,50373,66,94,66.8,Medium
45,18,53154,33,57,40.5,Medium
54,8,26031,78,90,63.0,Medium
50,34,113533,21,98,63.4,Medium
43,20,91975,70,84,62.0,Medium
47,8,42785,10,60,34.4,Low
49,27,98928,62,73,57.0,Medium
42,6,48669,73,98,65.4,Medium
28,15,114475,32,70,45.9,Medium
38,15,22282,66,51,43.2,Medium
41,32,54624,45,89,63.1,Medium
41,3,68438,73,68,49.5,Medium
43,3,109900,86,88,62.099999999999994,Medium
49,16,87534,94,77,62.1,Medium
28,28,51705,88,66,59.0,Medium
22,34,58244,45,55,46.7,Medium
53,6,94964,53,68,46.400000000000006,Medium
34,26,57437,95,87,70.3,High
51,27,97872,53,77,57.2,Medium
44,21,94878,80,51,47.8,Medium
40,13,92982,75,87,62.4,Medium
53,6,70583,7,86,46.2,Medium
